"","site","x","y","water_level","year","sample","wind","temp","occupancy"
"1",1,462902,3502295,"Intermittent",8,1,0,26.1,0
"2",1,462902,3502295,"Intermittent",8,2,0,25.3,0
"3",1,462902,3502295,"Intermittent",8,3,1,22.6,0
"4",1,462902,3502295,"Intermittent",9,1,2.8,23.3,0
"5",1,462902,3502295,"Intermittent",9,2,0,27,0
"6",1,462902,3502295,"Intermittent",9,3,2.2,17.1,0
"7",1,462902,3502295,"Intermittent",10,1,1.5,27.2,0
"8",1,462902,3502295,"Intermittent",10,2,0,24.4,0
"9",1,462902,3502295,"Intermittent",10,3,0,29.6,0
"10",1,462902,3502295,"Intermittent",11,1,0,24.4,0
"11",1,462902,3502295,"Intermittent",11,2,1.9,20.8,0
"12",1,462902,3502295,"Intermittent",11,3,0,22.1,0
"13",1,462902,3502295,"Intermittent",12,1,0,28.1,0
"14",1,462902,3502295,"Intermittent",12,2,0,25.5,0
"15",1,462902,3502295,"Intermittent",13,1,1.8,25.5,0
"16",1,462902,3502295,"Intermittent",13,2,0,24.4,0
"17",1,462902,3502295,"Intermittent",14,1,0,25.3,0
"18",1,462902,3502295,"Intermittent",14,2,0.8,19.5,0
"19",1,462902,3502295,"Intermittent",15,1,0,24.1,0
"20",1,462902,3502295,"Intermittent",15,2,1.9,27.3,0
"21",2,455613,3489437,"Intermittent",5,1,1,22.3,0
"22",2,455613,3489437,"Intermittent",5,2,4,20.2,0
"23",2,455613,3489437,"Intermittent",5,3,0,22.8,0
"24",2,455613,3489437,"Intermittent",6,1,0,27.5,0
"25",2,455613,3489437,"Intermittent",6,2,0,21.4,0
"26",2,455613,3489437,"Intermittent",6,3,0,21.4,0
"27",2,455613,3489437,"Intermittent",7,1,0,14.8,0
"28",2,455613,3489437,"Intermittent",7,2,0,19.9,0
"29",2,455613,3489437,"Intermittent",7,3,0,25.3,0
"30",2,455613,3489437,"Intermittent",8,1,0,26.1,0
"31",2,455613,3489437,"Intermittent",8,2,0,25.3,0
"32",2,455613,3489437,"Intermittent",8,3,1.6,22.6,0
"33",2,455613,3489437,"Intermittent",9,1,0,19.1,0
"34",2,455613,3489437,"Intermittent",9,2,0,27,0
"35",2,455613,3489437,"Intermittent",9,3,2.2,17.1,0
"36",2,455613,3489437,"Intermittent",10,1,3.2,22.2,0
"37",2,455613,3489437,"Intermittent",10,2,0,24.4,0
"38",2,455613,3489437,"Intermittent",10,3,0,29.6,0
"39",2,455613,3489437,"Intermittent",11,1,4.3,21.6,0
"40",2,455613,3489437,"Intermittent",11,2,1.9,20.8,0
"41",2,455613,3489437,"Intermittent",11,3,0,22.1,0
"42",2,455613,3489437,"Intermittent",12,1,2.5,20,0
"43",2,455613,3489437,"Intermittent",12,2,0,25.5,0
"44",2,455613,3489437,"Intermittent",13,1,0,20.3,0
"45",2,455613,3489437,"Intermittent",13,2,0,20.4,0
"46",2,455613,3489437,"Intermittent",14,1,0,23.4,0
"47",2,455613,3489437,"Intermittent",14,2,0.1,19.1,0
"48",2,455613,3489437,"Intermittent",15,1,1.5,25.6,0
"49",2,455613,3489437,"Intermittent",15,2,7.1,31,0
"50",3,475480,3489989,"Permanent",8,1,0,20.5,0
"51",3,475480,3489989,"Permanent",8,2,0,27,0
"52",3,475480,3489989,"Permanent",8,3,0,24.4,0
"53",3,475480,3489989,"Permanent",9,1,0,13.3,0
"54",3,475480,3489989,"Permanent",9,2,0,25.8,0
"55",3,475480,3489989,"Permanent",9,3,0,22.3,0
"56",3,475480,3489989,"Permanent",10,1,1.6,25.3,0
"57",3,475480,3489989,"Permanent",10,2,1.4,26.1,0
"58",3,475480,3489989,"Permanent",10,3,0,20.1,0
"59",3,475480,3489989,"Permanent",11,1,0,19.8,0
"60",3,475480,3489989,"Permanent",11,2,0,19.2,0
"61",3,475480,3489989,"Permanent",11,3,0,19.1,0
"62",3,475480,3489989,"Permanent",12,1,0,20.2,0
"63",3,475480,3489989,"Permanent",12,2,0,20.4,0
"64",3,475480,3489989,"Permanent",13,1,0,23.7,0
"65",3,475480,3489989,"Permanent",13,2,0,22.6,0
"66",3,475480,3489989,"Permanent",14,1,0,16.7,0
"67",3,475480,3489989,"Permanent",14,2,0,21.7,0
"68",3,475480,3489989,"Permanent",15,1,0,20.4,0
"69",3,475480,3489989,"Permanent",15,2,0.1,23.7,0
"70",4,452449,3495317,"Intermittent",8,1,0,26.1,0
"71",4,452449,3495317,"Intermittent",8,2,0,25.3,0
"72",4,452449,3495317,"Intermittent",8,3,0,22.6,0
"73",4,452449,3495317,"Intermittent",9,1,0,21.7,1
"74",4,452449,3495317,"Intermittent",9,2,0,21.4,0
"75",4,452449,3495317,"Intermittent",9,3,0,21.4,0
"76",4,452449,3495317,"Intermittent",10,1,0,18.8,0
"77",4,452449,3495317,"Intermittent",10,2,0,24.4,0
"78",4,452449,3495317,"Intermittent",10,3,0,29.6,0
"79",4,452449,3495317,"Intermittent",11,1,3,37.8,0
"80",4,452449,3495317,"Intermittent",11,2,1.9,20.8,0
"81",4,452449,3495317,"Intermittent",11,3,0,22.1,0
"82",4,452449,3495317,"Intermittent",12,1,0,22.8,0
"83",4,452449,3495317,"Intermittent",12,2,0,25.5,0
"84",4,452449,3495317,"Intermittent",13,1,3.7,17.7,0
"85",4,452449,3495317,"Intermittent",13,2,0,20.4,0
"86",4,452449,3495317,"Intermittent",14,1,0.8,23.8,0
"87",4,452449,3495317,"Intermittent",14,2,1.3,22.9,0
"88",4,452449,3495317,"Intermittent",15,1,0,20,0
"89",4,452449,3495317,"Intermittent",15,2,7.1,31,0
"90",5,469601,3493619,"Semi-permanent",8,1,0,21.1,0
"91",5,469601,3493619,"Semi-permanent",8,2,0,21.7,0
"92",5,469601,3493619,"Semi-permanent",8,3,0,20.1,0
"93",5,469601,3493619,"Semi-permanent",9,1,2,9.2,0
"94",5,469601,3493619,"Semi-permanent",9,2,2.6,19.4,0
"95",5,469601,3493619,"Semi-permanent",9,3,2.2,17.1,0
"96",5,469601,3493619,"Semi-permanent",10,1,0,15.5,0
"97",5,469601,3493619,"Semi-permanent",10,2,0,20.1,0
"98",5,469601,3493619,"Semi-permanent",10,3,0,12.8,0
"99",5,469601,3493619,"Semi-permanent",11,1,1.1,18.1,0
"100",5,469601,3493619,"Semi-permanent",11,2,1.8,16.2,0
"101",5,469601,3493619,"Semi-permanent",11,3,0,20,0
"102",5,469601,3493619,"Semi-permanent",12,1,1.5,24.6,0
"103",5,469601,3493619,"Semi-permanent",12,2,0,25.5,0
"104",5,469601,3493619,"Semi-permanent",13,1,0.9,17.8,0
"105",5,469601,3493619,"Semi-permanent",13,2,2.1,16.6,0
"106",5,469601,3493619,"Semi-permanent",14,1,0,15.8,0
"107",5,469601,3493619,"Semi-permanent",14,2,0,21.7,0
"108",5,469601,3493619,"Semi-permanent",15,1,0,22.7,0
"109",5,469601,3493619,"Semi-permanent",15,2,7.4,35,0
"110",6,448291,3515966,"Intermittent",8,1,0,26.1,0
"111",6,448291,3515966,"Intermittent",8,2,0,25.3,0
"112",6,448291,3515966,"Intermittent",8,3,1.8,22.6,0
"113",6,448291,3515966,"Intermittent",9,1,1,22.1,0
"114",6,448291,3515966,"Intermittent",9,2,0,27,0
"115",6,448291,3515966,"Intermittent",9,3,2.2,17.1,0
"116",6,448291,3515966,"Intermittent",10,1,0,21.5,0
"117",6,448291,3515966,"Intermittent",10,2,0,24.4,0
"118",6,448291,3515966,"Intermittent",10,3,0,29.6,0
"119",6,448291,3515966,"Intermittent",11,1,3.6,28.7,0
"120",6,448291,3515966,"Intermittent",11,2,1.9,20.8,0
"121",6,448291,3515966,"Intermittent",11,3,0,22.1,0
"122",6,448291,3515966,"Intermittent",12,1,6.9,27.2,0
"123",6,448291,3515966,"Intermittent",12,2,0,25.5,0
"124",6,448291,3515966,"Intermittent",13,1,0,28.1,0
"125",6,448291,3515966,"Intermittent",13,2,1.1,30.6,0
"126",6,448291,3515966,"Intermittent",14,1,1.5,27.5,0
"127",6,448291,3515966,"Intermittent",14,2,0,24.9,0
"128",6,448291,3515966,"Intermittent",15,1,0.9,25,0
"129",6,448291,3515966,"Intermittent",15,2,1.9,27.3,0
"130",7,451978,3483128,"Intermittent",8,1,0,26.1,0
"131",7,451978,3483128,"Intermittent",8,2,0,25.3,0
"132",7,451978,3483128,"Intermittent",8,3,0,22.6,0
"133",7,451978,3483128,"Intermittent",9,1,0,19.1,0
"134",7,451978,3483128,"Intermittent",9,2,0,27,0
"135",7,451978,3483128,"Intermittent",9,3,2.2,17.1,0
"136",7,451978,3483128,"Intermittent",10,1,0,21.7,0
"137",7,451978,3483128,"Intermittent",10,2,0,24.4,0
"138",7,451978,3483128,"Intermittent",10,3,0,29.6,0
"139",7,451978,3483128,"Intermittent",11,1,1.2,21.2,0
"140",7,451978,3483128,"Intermittent",11,2,1.9,20.8,0
"141",7,451978,3483128,"Intermittent",11,3,0,22.1,0
"142",7,451978,3483128,"Intermittent",12,1,0,16.5,0
"143",7,451978,3483128,"Intermittent",12,2,0,25.5,0
"144",7,451978,3483128,"Intermittent",13,1,1.6,20.3,0
"145",7,451978,3483128,"Intermittent",13,2,0,20.4,0
"146",7,451978,3483128,"Intermittent",14,1,0,20.6,0
"147",7,451978,3483128,"Intermittent",14,2,0.1,19.1,0
"148",7,451978,3483128,"Intermittent",15,1,0,23.8,0
"149",7,451978,3483128,"Intermittent",15,2,0,26.9,0
"150",8,457908,3495576,"Intermittent",8,1,0,26.1,0
"151",8,457908,3495576,"Intermittent",8,2,0,25.3,0
"152",8,457908,3495576,"Intermittent",8,3,1.8,22.6,0
"153",8,457908,3495576,"Intermittent",9,1,0,22.1,0
"154",8,457908,3495576,"Intermittent",9,2,0,21.8,0
"155",8,457908,3495576,"Intermittent",9,3,2.2,17.1,0
"156",8,457908,3495576,"Intermittent",10,1,0,25.7,0
"157",8,457908,3495576,"Intermittent",10,2,0,24.4,0
"158",8,457908,3495576,"Intermittent",10,3,0,29.6,0
"159",8,457908,3495576,"Intermittent",11,1,1.3,26.8,0
"160",8,457908,3495576,"Intermittent",11,2,1.9,20.8,0
"161",8,457908,3495576,"Intermittent",11,3,0,22.1,0
"162",8,457908,3495576,"Intermittent",12,1,0,25.1,1
"163",8,457908,3495576,"Intermittent",12,2,3.5,24.3,1
"164",8,457908,3495576,"Intermittent",13,1,0,26.6,1
"165",8,457908,3495576,"Intermittent",13,2,0,24.6,1
"166",8,457908,3495576,"Intermittent",14,1,0,23.8,0
"167",8,457908,3495576,"Intermittent",14,2,0,23.3,0
"168",8,457908,3495576,"Intermittent",15,1,3.5,36.1,0
"169",8,457908,3495576,"Intermittent",15,2,7.4,35,0
"170",9,452222,3495114,"Intermittent",5,1,0,20.5,0
"171",9,452222,3495114,"Intermittent",5,2,0,20.8,0
"172",9,452222,3495114,"Intermittent",5,3,0,22.8,0
"173",9,452222,3495114,"Intermittent",6,1,0,23.8,0
"174",9,452222,3495114,"Intermittent",6,2,0,23.4,0
"175",9,452222,3495114,"Intermittent",6,3,0,23.4,0
"176",9,452222,3495114,"Intermittent",7,1,1,14.8,0
"177",9,452222,3495114,"Intermittent",7,2,0,14.8,1
"178",9,452222,3495114,"Intermittent",7,3,1.5,25.9,0
"179",9,452222,3495114,"Intermittent",8,1,0,26.1,0
"180",9,452222,3495114,"Intermittent",8,2,0,25.3,0
"181",9,452222,3495114,"Intermittent",8,3,0,22.6,0
"182",9,452222,3495114,"Intermittent",9,1,0,21.7,1
"183",9,452222,3495114,"Intermittent",9,2,0,21.4,0
"184",9,452222,3495114,"Intermittent",9,3,0,21.4,0
"185",9,452222,3495114,"Intermittent",10,1,0,18.8,0
"186",9,452222,3495114,"Intermittent",10,2,0,24.4,0
"187",9,452222,3495114,"Intermittent",10,3,0,29.6,0
"188",9,452222,3495114,"Intermittent",11,1,3,37.8,0
"189",9,452222,3495114,"Intermittent",11,2,1.9,20.8,0
"190",9,452222,3495114,"Intermittent",11,3,0,22.1,0
"191",9,452222,3495114,"Intermittent",12,1,0,22.8,0
"192",9,452222,3495114,"Intermittent",12,2,0,25.5,0
"193",9,452222,3495114,"Intermittent",13,1,3.7,17.7,0
"194",9,452222,3495114,"Intermittent",13,2,0,20.4,0
"195",9,452222,3495114,"Intermittent",14,1,0.8,23.8,0
"196",9,452222,3495114,"Intermittent",14,2,1.3,22.9,0
"197",9,452222,3495114,"Intermittent",15,1,0,20,0
"198",9,452222,3495114,"Intermittent",15,2,7.4,35,0
"199",10,449913,3497006,"Intermittent",5,1,0,20.4,0
"200",10,449913,3497006,"Intermittent",5,2,0,20.1,0
"201",10,449913,3497006,"Intermittent",5,3,0,22.8,0
"202",10,449913,3497006,"Intermittent",6,1,0,23.6,0
"203",10,449913,3497006,"Intermittent",6,2,0,21.4,0
"204",10,449913,3497006,"Intermittent",6,3,0,21.4,0
"205",10,449913,3497006,"Intermittent",7,1,1.5,21.2,0
"206",10,449913,3497006,"Intermittent",7,2,0,19.9,0
"207",10,449913,3497006,"Intermittent",7,3,0,25.3,0
"208",11,454143,3490829,"Intermittent",5,1,0,20.4,0
"209",11,454143,3490829,"Intermittent",5,2,0,20.1,0
"210",11,454143,3490829,"Intermittent",5,3,0,22.8,0
"211",11,454143,3490829,"Intermittent",6,1,0,23.6,0
"212",11,454143,3490829,"Intermittent",6,2,0,21.4,0
"213",11,454143,3490829,"Intermittent",6,3,0,21.4,0
"214",11,454143,3490829,"Intermittent",7,1,1.5,21.2,0
"215",11,454143,3490829,"Intermittent",7,2,0,19.9,0
"216",11,454143,3490829,"Intermittent",7,3,0,25.3,0
"217",11,454143,3490829,"Intermittent",8,1,0,22.1,0
"218",11,454143,3490829,"Intermittent",8,2,0,25.3,0
"219",11,454143,3490829,"Intermittent",8,3,5.8,22.6,0
"220",11,454143,3490829,"Intermittent",9,1,2.6,18.6,0
"221",11,454143,3490829,"Intermittent",9,2,0,27,0
"222",11,454143,3490829,"Intermittent",9,3,2.2,17.1,0
"223",11,454143,3490829,"Intermittent",10,1,0,21.4,0
"224",11,454143,3490829,"Intermittent",10,2,0,24.4,0
"225",11,454143,3490829,"Intermittent",10,3,0,29.6,0
"226",11,454143,3490829,"Intermittent",11,1,2.4,24.6,0
"227",11,454143,3490829,"Intermittent",11,2,1.9,20.8,0
"228",11,454143,3490829,"Intermittent",11,3,0,22.1,0
"229",11,454143,3490829,"Intermittent",12,1,1.4,20.4,0
"230",11,454143,3490829,"Intermittent",12,2,0,25.5,0
"231",11,454143,3490829,"Intermittent",13,1,0,22.4,0
"232",11,454143,3490829,"Intermittent",13,2,0,20.4,0
"233",11,454143,3490829,"Intermittent",14,1,0,22.8,0
"234",11,454143,3490829,"Intermittent",14,2,0.1,19.1,0
"235",11,454143,3490829,"Intermittent",15,1,0,28.7,0
"236",11,454143,3490829,"Intermittent",15,2,7.1,31,0
"237",12,456502,3508808,"Intermittent",8,1,0,26.1,0
"238",12,456502,3508808,"Intermittent",8,2,0,25.3,0
"239",12,456502,3508808,"Intermittent",8,3,0.9,22.6,0
"240",12,456502,3508808,"Intermittent",9,1,0,18.3,0
"241",12,456502,3508808,"Intermittent",9,2,0,27,0
"242",12,456502,3508808,"Intermittent",9,3,2.2,17.1,0
"243",12,456502,3508808,"Intermittent",10,1,0,26.4,0
"244",12,456502,3508808,"Intermittent",10,2,0,24.4,0
"245",12,456502,3508808,"Intermittent",10,3,0,29.6,0
"246",12,456502,3508808,"Intermittent",11,1,0,19.6,0
"247",12,456502,3508808,"Intermittent",11,2,1.9,20.8,0
"248",12,456502,3508808,"Intermittent",11,3,0,22.1,0
"249",12,456502,3508808,"Intermittent",12,1,0,18.8,0
"250",12,456502,3508808,"Intermittent",12,2,0,25.5,0
"251",12,456502,3508808,"Intermittent",13,1,0,22,0
"252",12,456502,3508808,"Intermittent",13,2,0,20.4,0
"253",12,456502,3508808,"Intermittent",14,1,0.1,19.9,0
"254",12,456502,3508808,"Intermittent",14,2,2,24.3,0
"255",12,456502,3508808,"Intermittent",15,1,0,25.9,0
"256",12,456502,3508808,"Intermittent",15,2,0.3,27.1,0
"257",13,447220,3516488,"Intermittent",8,1,1.8,22.8,0
"258",13,447220,3516488,"Intermittent",8,2,2.6,29.2,0
"259",13,447220,3516488,"Intermittent",8,3,1,28.7,0
"260",13,447220,3516488,"Intermittent",9,1,2.7,21.7,0
"261",13,447220,3516488,"Intermittent",9,2,0,27,0
"262",13,447220,3516488,"Intermittent",9,3,2.2,17.1,0
"263",13,447220,3516488,"Intermittent",10,1,0,22.8,0
"264",13,447220,3516488,"Intermittent",10,2,0,24.4,0
"265",13,447220,3516488,"Intermittent",10,3,0,29.6,0
"266",13,447220,3516488,"Intermittent",11,1,6.1,27.8,0
"267",13,447220,3516488,"Intermittent",11,2,1.9,20.8,0
"268",13,447220,3516488,"Intermittent",11,3,3,22.1,0
"269",13,447220,3516488,"Intermittent",12,1,1.5,26,0
"270",13,447220,3516488,"Intermittent",12,2,0,25.5,0
"271",13,447220,3516488,"Intermittent",13,1,0.9,27.3,0
"272",13,447220,3516488,"Intermittent",13,2,1.1,30.6,0
"273",13,447220,3516488,"Intermittent",14,1,2.9,23.1,0
"274",13,447220,3516488,"Intermittent",14,2,0,24.9,0
"275",13,447220,3516488,"Intermittent",15,1,0.2,25.7,0
"276",13,447220,3516488,"Intermittent",15,2,0,25.9,0
"277",14,456758,3513201,"Intermittent",8,1,0,26.1,0
"278",14,456758,3513201,"Intermittent",8,2,0,25.3,0
"279",14,456758,3513201,"Intermittent",8,3,0.9,22.6,0
"280",14,456758,3513201,"Intermittent",9,1,1.2,18.9,0
"281",14,456758,3513201,"Intermittent",9,2,0,27,0
"282",14,456758,3513201,"Intermittent",9,3,2.2,17.1,0
"283",14,456758,3513201,"Intermittent",10,1,0,28.1,0
"284",14,456758,3513201,"Intermittent",10,2,0,24.4,0
"285",14,456758,3513201,"Intermittent",10,3,0,29.6,0
"286",14,456758,3513201,"Intermittent",11,1,1.8,25.8,0
"287",14,456758,3513201,"Intermittent",11,2,1.9,20.8,0
"288",14,456758,3513201,"Intermittent",11,3,0,26.2,0
"289",14,456758,3513201,"Intermittent",12,1,0,21.5,0
"290",14,456758,3513201,"Intermittent",12,2,0,25.5,0
"291",14,456758,3513201,"Intermittent",13,1,2,30.9,0
"292",14,456758,3513201,"Intermittent",13,2,0.9,27.3,0
"293",14,456758,3513201,"Intermittent",14,1,0,26.1,0
"294",14,456758,3513201,"Intermittent",14,2,2,24.3,0
"295",14,456758,3513201,"Intermittent",15,1,0,26.3,0
"296",14,456758,3513201,"Intermittent",15,2,0.3,27.1,0
"297",15,457513,3488987,"Permanent",5,1,0.4,16.7,1
"298",15,457513,3488987,"Permanent",5,2,4,20.2,1
"299",15,457513,3488987,"Permanent",5,3,0,22.8,0
"300",15,457513,3488987,"Permanent",6,1,1.4,26.9,1
"301",15,457513,3488987,"Permanent",6,2,0,18.1,1
"302",15,457513,3488987,"Permanent",6,3,0,18.1,1
"303",15,457513,3488987,"Permanent",7,1,1,16,1
"304",15,457513,3488987,"Permanent",7,2,0,17.2,1
"305",15,457513,3488987,"Permanent",7,3,0,33.7,1
"306",15,457513,3488987,"Permanent",8,1,0,22.1,1
"307",15,457513,3488987,"Permanent",8,2,0,20.9,1
"308",15,457513,3488987,"Permanent",8,3,6.1,22.6,1
"309",15,457513,3488987,"Permanent",9,1,0,16.3,1
"310",15,457513,3488987,"Permanent",9,2,0,16.7,1
"311",15,457513,3488987,"Permanent",9,3,0,20.6,1
"312",15,457513,3488987,"Permanent",10,1,1.1,22.2,1
"313",15,457513,3488987,"Permanent",10,2,1.1,21.1,1
"314",15,457513,3488987,"Permanent",10,3,0,26.3,1
"315",15,457513,3488987,"Permanent",11,1,0,22.3,1
"316",15,457513,3488987,"Permanent",11,2,0,22.6,1
"317",15,457513,3488987,"Permanent",11,3,0,20.2,1
"318",15,457513,3488987,"Permanent",12,1,1.5,19.4,1
"319",15,457513,3488987,"Permanent",12,2,0,21.3,1
"320",15,457513,3488987,"Permanent",13,1,1.3,14.5,1
"321",15,457513,3488987,"Permanent",13,2,0,21.6,1
"322",15,457513,3488987,"Permanent",14,1,0,23.4,0
"323",15,457513,3488987,"Permanent",14,2,0.1,19.1,1
"324",15,457513,3488987,"Permanent",15,1,0.2,24.2,1
"325",15,457513,3488987,"Permanent",15,2,0.1,26.4,1
"326",16,447029,3488543,"Semi-permanent",8,1,0,26.1,0
"327",16,447029,3488543,"Semi-permanent",8,2,0.9,25.3,0
"328",16,447029,3488543,"Semi-permanent",8,3,0,28.2,0
"329",16,447029,3488543,"Semi-permanent",9,1,0,17.3,0
"330",16,447029,3488543,"Semi-permanent",9,2,0,18.9,0
"331",16,447029,3488543,"Semi-permanent",9,3,0,25.6,0
"332",16,447029,3488543,"Semi-permanent",10,1,0,18.5,0
"333",16,447029,3488543,"Semi-permanent",10,2,0,27.3,0
"334",16,447029,3488543,"Semi-permanent",10,3,0,27.1,0
"335",16,447029,3488543,"Semi-permanent",11,1,0,22.3,0
"336",16,447029,3488543,"Semi-permanent",11,2,2.4,26.4,0
"337",16,447029,3488543,"Semi-permanent",11,3,1.1,26.6,0
"338",16,447029,3488543,"Semi-permanent",12,1,0,18.7,0
"339",16,447029,3488543,"Semi-permanent",12,2,2.5,24.6,0
"340",16,447029,3488543,"Semi-permanent",13,1,0,20.4,1
"341",16,447029,3488543,"Semi-permanent",13,2,0,20.3,1
"342",16,447029,3488543,"Semi-permanent",14,1,0,23.7,1
"343",16,447029,3488543,"Semi-permanent",14,2,0,22.2,1
"344",16,447029,3488543,"Semi-permanent",15,1,0,24,1
"345",16,447029,3488543,"Semi-permanent",15,2,6.9,24.8,1
"346",17,446118,3505481,"Intermittent",5,1,1.2,20.6,0
"347",17,446118,3505481,"Intermittent",5,2,4,20.2,0
"348",17,446118,3505481,"Intermittent",5,3,0,19.9,0
"349",17,446118,3505481,"Intermittent",6,1,0,21,0
"350",17,446118,3505481,"Intermittent",6,2,0,21.4,0
"351",17,446118,3505481,"Intermittent",6,3,0,21.4,0
"352",17,446118,3505481,"Intermittent",7,1,0,14.8,0
"353",17,446118,3505481,"Intermittent",7,2,0,19.9,0
"354",17,446118,3505481,"Intermittent",7,3,0,25.3,0
"355",17,446118,3505481,"Intermittent",8,1,0,26.1,0
"356",17,446118,3505481,"Intermittent",8,2,0,25.3,0
"357",17,446118,3505481,"Intermittent",8,3,0,22.6,0
"358",17,446118,3505481,"Intermittent",9,1,0,18.8,0
"359",17,446118,3505481,"Intermittent",9,2,0,27,0
"360",17,446118,3505481,"Intermittent",9,3,2.2,17.1,0
"361",17,446118,3505481,"Intermittent",10,1,0,20.8,0
"362",17,446118,3505481,"Intermittent",10,2,0,24.4,0
"363",17,446118,3505481,"Intermittent",10,3,0,29.6,0
"364",17,446118,3505481,"Intermittent",11,1,0,16.8,0
"365",17,446118,3505481,"Intermittent",11,2,1.9,20.8,0
"366",17,446118,3505481,"Intermittent",11,3,0,22.1,0
"367",17,446118,3505481,"Intermittent",12,1,0,19.4,0
"368",17,446118,3505481,"Intermittent",12,2,0,25.5,0
"369",17,446118,3505481,"Intermittent",13,1,0,21.4,0
"370",17,446118,3505481,"Intermittent",13,2,1.6,19.2,0
"371",17,446118,3505481,"Intermittent",14,1,2.7,18.1,0
"372",17,446118,3505481,"Intermittent",14,2,0.1,19.1,0
"373",17,446118,3505481,"Intermittent",15,1,0,22.9,0
"374",17,446118,3505481,"Intermittent",15,2,7.1,31,0
"375",18,452768,3501197,"Permanent",5,1,1.9,25.1,0
"376",18,452768,3501197,"Permanent",5,2,0,20.3,0
"377",18,452768,3501197,"Permanent",5,3,0,24.3,0
"378",18,452768,3501197,"Permanent",6,1,1,24.8,0
"379",18,452768,3501197,"Permanent",6,2,0,26.1,0
"380",18,452768,3501197,"Permanent",6,3,0,26.1,0
"381",18,452768,3501197,"Permanent",7,1,1,14.7,0
"382",18,452768,3501197,"Permanent",7,2,0,17.2,0
"383",18,452768,3501197,"Permanent",7,3,0,26,0
"384",18,452768,3501197,"Permanent",8,1,0,22.4,1
"385",18,452768,3501197,"Permanent",8,2,0,24.8,1
"386",18,452768,3501197,"Permanent",8,3,0,22.8,1
"387",18,452768,3501197,"Permanent",9,1,0,18.7,0
"388",18,452768,3501197,"Permanent",9,2,0,27,0
"389",18,452768,3501197,"Permanent",9,3,0,29,0
"390",18,452768,3501197,"Permanent",10,1,2.4,18.8,0
"391",18,452768,3501197,"Permanent",10,2,3.4,26.1,0
"392",18,452768,3501197,"Permanent",10,3,0,29.6,0
"393",18,452768,3501197,"Permanent",11,1,0,17.6,0
"394",18,452768,3501197,"Permanent",11,2,0,24.4,0
"395",18,452768,3501197,"Permanent",11,3,2.9,26.7,0
"396",18,452768,3501197,"Permanent",12,1,0,20.5,1
"397",18,452768,3501197,"Permanent",12,2,0,23.4,1
"398",18,452768,3501197,"Permanent",13,1,0,22.5,1
"399",18,452768,3501197,"Permanent",13,2,0,28.7,1
"400",18,452768,3501197,"Permanent",14,1,2.3,18.9,0
"401",18,452768,3501197,"Permanent",14,2,4.3,28.4,0
"402",18,452768,3501197,"Permanent",15,1,0,21.2,1
"403",18,452768,3501197,"Permanent",15,2,0,22,1
"404",19,457553,3485767,"Intermittent",5,1,1,20.6,0
"405",19,457553,3485767,"Intermittent",5,2,6.1,18.8,0
"406",19,457553,3485767,"Intermittent",5,3,0,19.9,0
"407",19,457553,3485767,"Intermittent",6,1,0,19.9,0
"408",19,457553,3485767,"Intermittent",6,2,0,21.4,0
"409",19,457553,3485767,"Intermittent",6,3,0,21.4,0
"410",19,457553,3485767,"Intermittent",7,1,0,14.8,0
"411",19,457553,3485767,"Intermittent",7,2,0,19.9,0
"412",19,457553,3485767,"Intermittent",7,3,0,25.3,0
"413",20,456714,3490743,"Intermittent",5,1,0,22.7,0
"414",20,456714,3490743,"Intermittent",5,2,4,20.2,0
"415",20,456714,3490743,"Intermittent",5,3,0,22.8,0
"416",20,456714,3490743,"Intermittent",6,1,0,27,0
"417",20,456714,3490743,"Intermittent",6,2,0,21.4,0
"418",20,456714,3490743,"Intermittent",6,3,0,21.4,0
"419",20,456714,3490743,"Intermittent",7,1,0,18.5,0
"420",20,456714,3490743,"Intermittent",7,2,0,19.9,0
"421",20,456714,3490743,"Intermittent",7,3,0,25.3,0
"422",20,456714,3490743,"Intermittent",8,1,0,22.1,0
"423",20,456714,3490743,"Intermittent",8,2,0,25.3,0
"424",20,456714,3490743,"Intermittent",8,3,0,22.6,0
"425",20,456714,3490743,"Intermittent",9,1,0,21.2,0
"426",20,456714,3490743,"Intermittent",9,2,0,27,0
"427",20,456714,3490743,"Intermittent",9,3,2.2,17.1,0
"428",20,456714,3490743,"Intermittent",10,1,0.9,23.2,0
"429",20,456714,3490743,"Intermittent",10,2,0,24.4,0
"430",20,456714,3490743,"Intermittent",10,3,0,29.6,0
"431",20,456714,3490743,"Intermittent",11,1,1,23,0
"432",20,456714,3490743,"Intermittent",11,2,1.9,20.8,0
"433",20,456714,3490743,"Intermittent",11,3,0,22.1,0
"434",20,456714,3490743,"Intermittent",12,1,0,19.2,0
"435",20,456714,3490743,"Intermittent",12,2,0,25.5,0
"436",20,456714,3490743,"Intermittent",13,1,0,20.9,0
"437",20,456714,3490743,"Intermittent",13,2,0,20.9,0
"438",20,456714,3490743,"Intermittent",14,1,0,19.8,0
"439",20,456714,3490743,"Intermittent",14,2,0.1,19.1,0
"440",20,456714,3490743,"Intermittent",15,1,0,25.8,0
"441",20,456714,3490743,"Intermittent",15,2,7.1,31,0
"442",21,461364,3514276,"Intermittent",8,1,0,26.1,0
"443",21,461364,3514276,"Intermittent",8,2,0,25.3,0
"444",21,461364,3514276,"Intermittent",8,3,0,22.6,0
"445",21,461364,3514276,"Intermittent",9,1,0.9,19.1,0
"446",21,461364,3514276,"Intermittent",9,2,0,27,0
"447",21,461364,3514276,"Intermittent",9,3,2.2,17.1,0
"448",21,461364,3514276,"Intermittent",10,1,0,22.5,0
"449",21,461364,3514276,"Intermittent",10,2,0,24.4,0
"450",21,461364,3514276,"Intermittent",10,3,0,29.6,0
"451",21,461364,3514276,"Intermittent",11,1,2.3,24,0
"452",21,461364,3514276,"Intermittent",11,2,1.9,20.8,0
"453",21,461364,3514276,"Intermittent",11,3,0,22.1,0
"454",21,461364,3514276,"Intermittent",12,1,0,18.8,0
"455",21,461364,3514276,"Intermittent",12,2,0,25.5,0
"456",21,461364,3514276,"Intermittent",13,1,1,28.3,0
"457",21,461364,3514276,"Intermittent",13,2,0.9,27.3,0
"458",21,461364,3514276,"Intermittent",14,1,0,23.4,0
"459",21,461364,3514276,"Intermittent",14,2,2,24.3,0
"460",21,461364,3514276,"Intermittent",15,1,1,26.7,0
"461",21,461364,3514276,"Intermittent",15,2,0.3,27.1,0
"462",22,457547,3483256,"Intermittent",5,1,2,20.6,0
"463",22,457547,3483256,"Intermittent",5,2,6.1,18.8,0
"464",22,457547,3483256,"Intermittent",5,3,0,19.9,0
"465",22,457547,3483256,"Intermittent",6,1,2,20.6,0
"466",22,457547,3483256,"Intermittent",6,2,0,18.8,0
"467",22,457547,3483256,"Intermittent",6,3,0,18.8,0
"468",22,457547,3483256,"Intermittent",7,1,1.5,17.1,0
"469",22,457547,3483256,"Intermittent",7,2,0,19.9,0
"470",22,457547,3483256,"Intermittent",7,3,0,25.3,0
"471",22,457547,3483256,"Intermittent",8,1,1.5,22.3,0
"472",22,457547,3483256,"Intermittent",8,2,0,20.9,0
"473",22,457547,3483256,"Intermittent",8,3,0,26.1,0
"474",22,457547,3483256,"Intermittent",9,1,0,19.1,0
"475",22,457547,3483256,"Intermittent",9,2,0,27,0
"476",22,457547,3483256,"Intermittent",9,3,2.2,17.1,0
"477",22,457547,3483256,"Intermittent",10,1,0,24.3,0
"478",22,457547,3483256,"Intermittent",10,2,0,24.4,0
"479",22,457547,3483256,"Intermittent",10,3,0,29.6,0
"480",22,457547,3483256,"Intermittent",11,1,1.3,23.3,0
"481",22,457547,3483256,"Intermittent",11,2,0,25.7,0
"482",22,457547,3483256,"Intermittent",11,3,0,18.8,0
"483",22,457547,3483256,"Intermittent",12,1,1.5,20.7,0
"484",22,457547,3483256,"Intermittent",12,2,0,25.5,0
"485",22,457547,3483256,"Intermittent",13,1,0,23.6,1
"486",22,457547,3483256,"Intermittent",13,2,1.6,19.2,1
"487",22,457547,3483256,"Intermittent",14,1,0.1,20.8,0
"488",22,457547,3483256,"Intermittent",14,2,0.1,19.1,0
"489",22,457547,3483256,"Intermittent",15,1,5.4,25,0
"490",22,457547,3483256,"Intermittent",15,2,2.4,23.6,0
"491",23,457222,3487624,"Intermittent",5,1,0.3,16.7,0
"492",23,457222,3487624,"Intermittent",5,2,0,20.1,0
"493",23,457222,3487624,"Intermittent",5,3,0,22.8,0
"494",23,457222,3487624,"Intermittent",6,1,0,22.1,0
"495",23,457222,3487624,"Intermittent",6,2,0,21.4,0
"496",23,457222,3487624,"Intermittent",6,3,0,21.4,0
"497",23,457222,3487624,"Intermittent",7,1,0,14.8,0
"498",23,457222,3487624,"Intermittent",7,2,0,19.9,0
"499",23,457222,3487624,"Intermittent",7,3,0,25.3,0
"500",23,457222,3487624,"Intermittent",8,1,0,26.1,0
"501",23,457222,3487624,"Intermittent",8,2,0,25.3,0
"502",23,457222,3487624,"Intermittent",8,3,6.1,22.6,0
"503",23,457222,3487624,"Intermittent",9,1,0,19.8,0
"504",23,457222,3487624,"Intermittent",9,2,0,27,0
"505",23,457222,3487624,"Intermittent",9,3,2.2,17.1,0
"506",23,457222,3487624,"Intermittent",10,1,0,15.5,0
"507",23,457222,3487624,"Intermittent",10,2,0,24.4,0
"508",23,457222,3487624,"Intermittent",10,3,0,29.6,0
"509",23,457222,3487624,"Intermittent",11,1,0,16.5,0
"510",23,457222,3487624,"Intermittent",11,2,1.9,20.8,0
"511",23,457222,3487624,"Intermittent",11,3,0,22.1,0
"512",23,457222,3487624,"Intermittent",12,1,0,18.5,0
"513",23,457222,3487624,"Intermittent",12,2,0,25.5,0
"514",23,457222,3487624,"Intermittent",13,1,1,18.4,0
"515",23,457222,3487624,"Intermittent",13,2,1.6,19.2,0
"516",23,457222,3487624,"Intermittent",14,1,2,17.6,0
"517",23,457222,3487624,"Intermittent",14,2,0.1,19.1,0
"518",23,457222,3487624,"Intermittent",15,1,0,26.9,0
"519",23,457222,3487624,"Intermittent",15,2,7.1,31,0
"520",24,458260,3494604,"Semi-permanent",5,1,1.2,23.7,0
"521",24,458260,3494604,"Semi-permanent",5,2,0,20.1,0
"522",24,458260,3494604,"Semi-permanent",5,3,0,24.2,0
"523",24,458260,3494604,"Semi-permanent",6,1,0,23.4,1
"524",24,458260,3494604,"Semi-permanent",6,2,0,22,1
"525",24,458260,3494604,"Semi-permanent",6,3,0,22,1
"526",24,458260,3494604,"Semi-permanent",7,1,2.8,18.8,0
"527",24,458260,3494604,"Semi-permanent",7,2,1.6,20.9,0
"528",24,458260,3494604,"Semi-permanent",7,3,0,25.4,0
"529",24,458260,3494604,"Semi-permanent",8,1,0,22,0
"530",24,458260,3494604,"Semi-permanent",8,2,0,27,0
"531",24,458260,3494604,"Semi-permanent",8,3,0.9,23.9,0
"532",24,458260,3494604,"Semi-permanent",9,1,0,22.1,1
"533",24,458260,3494604,"Semi-permanent",9,2,0,23.3,0
"534",24,458260,3494604,"Semi-permanent",9,3,2.2,17.1,0
"535",24,458260,3494604,"Semi-permanent",10,1,0,24.6,0
"536",24,458260,3494604,"Semi-permanent",10,2,0,24.4,0
"537",24,458260,3494604,"Semi-permanent",10,3,0,29.6,0
"538",24,458260,3494604,"Semi-permanent",11,1,1.6,26.1,0
"539",24,458260,3494604,"Semi-permanent",11,2,1.9,20.8,0
"540",24,458260,3494604,"Semi-permanent",11,3,0,22.1,0
"541",24,458260,3494604,"Semi-permanent",12,1,0,23.6,1
"542",24,458260,3494604,"Semi-permanent",12,2,0,24.7,1
"543",24,458260,3494604,"Semi-permanent",13,1,0,24.4,1
"544",24,458260,3494604,"Semi-permanent",13,2,0,22.7,1
"545",24,458260,3494604,"Semi-permanent",14,1,0,22.8,0
"546",24,458260,3494604,"Semi-permanent",14,2,0,23.3,0
"547",24,458260,3494604,"Semi-permanent",15,1,2.4,36.8,0
"548",24,458260,3494604,"Semi-permanent",15,2,7.4,35,0
"549",25,456647,3488255,"Intermittent",5,1,0.5,16,0
"550",25,456647,3488255,"Intermittent",5,2,4,20.2,0
"551",25,456647,3488255,"Intermittent",5,3,0,22.8,0
"552",25,456647,3488255,"Intermittent",6,1,0,22.5,0
"553",25,456647,3488255,"Intermittent",6,2,0,21.4,0
"554",25,456647,3488255,"Intermittent",6,3,0,21.4,0
"555",25,456647,3488255,"Intermittent",7,1,0,14.8,0
"556",25,456647,3488255,"Intermittent",7,2,0,19.9,0
"557",25,456647,3488255,"Intermittent",7,3,0,25.3,0
"558",25,456647,3488255,"Intermittent",8,1,0,22.1,0
"559",25,456647,3488255,"Intermittent",8,2,0,25.3,0
"560",25,456647,3488255,"Intermittent",8,3,6.1,22.6,0
"561",25,456647,3488255,"Intermittent",9,1,0,22.1,0
"562",25,456647,3488255,"Intermittent",9,2,0,27,0
"563",25,456647,3488255,"Intermittent",9,3,2.2,17.1,0
"564",25,456647,3488255,"Intermittent",10,1,0,23.9,0
"565",25,456647,3488255,"Intermittent",10,2,0,24.4,0
"566",25,456647,3488255,"Intermittent",10,3,0,29.6,0
"567",25,456647,3488255,"Intermittent",11,1,0,20.6,0
"568",25,456647,3488255,"Intermittent",11,2,1.9,20.8,0
"569",25,456647,3488255,"Intermittent",11,3,0,22.1,0
"570",25,456647,3488255,"Intermittent",12,1,0,23.6,0
"571",25,456647,3488255,"Intermittent",12,2,0,25.5,0
"572",25,456647,3488255,"Intermittent",13,1,0,21.4,0
"573",25,456647,3488255,"Intermittent",13,2,0,21.6,0
"574",25,456647,3488255,"Intermittent",14,1,0,23.5,0
"575",25,456647,3488255,"Intermittent",14,2,0.1,19.1,0
"576",25,456647,3488255,"Intermittent",15,1,0.4,26.7,0
"577",25,456647,3488255,"Intermittent",15,2,7.1,31,0
"578",26,455768,3497486,"Intermittent",5,1,1.9,25.3,0
"579",26,455768,3497486,"Intermittent",5,2,2.6,20.2,0
"580",26,455768,3497486,"Intermittent",5,3,0,23.7,0
"581",26,455768,3497486,"Intermittent",6,1,0,24.4,0
"582",26,455768,3497486,"Intermittent",6,2,0,21.4,0
"583",26,455768,3497486,"Intermittent",6,3,0,21.4,0
"584",26,455768,3497486,"Intermittent",7,1,1.2,22.2,0
"585",26,455768,3497486,"Intermittent",7,2,0,19.9,0
"586",26,455768,3497486,"Intermittent",7,3,0,25.3,0
"587",26,455768,3497486,"Intermittent",8,1,0,26.1,0
"588",26,455768,3497486,"Intermittent",8,2,0,25.3,0
"589",26,455768,3497486,"Intermittent",8,3,0,22.6,0
"590",26,455768,3497486,"Intermittent",9,1,1.4,20.2,0
"591",26,455768,3497486,"Intermittent",9,2,0,27,0
"592",26,455768,3497486,"Intermittent",9,3,2.2,17.1,0
"593",26,455768,3497486,"Intermittent",10,1,0,26,0
"594",26,455768,3497486,"Intermittent",10,2,0,24.4,0
"595",26,455768,3497486,"Intermittent",10,3,0,29.6,0
"596",26,455768,3497486,"Intermittent",11,1,0,26,0
"597",26,455768,3497486,"Intermittent",11,2,1.9,20.8,0
"598",26,455768,3497486,"Intermittent",11,3,0,22.1,0
"599",26,455768,3497486,"Intermittent",12,1,0,25.3,0
"600",26,455768,3497486,"Intermittent",12,2,0,25.5,0
"601",26,455768,3497486,"Intermittent",13,1,0,22,0
"602",26,455768,3497486,"Intermittent",13,2,0,17.9,0
"603",26,455768,3497486,"Intermittent",14,1,0.1,19.3,0
"604",26,455768,3497486,"Intermittent",14,2,2,24.3,0
"605",26,455768,3497486,"Intermittent",15,1,4.6,37.6,0
"606",26,455768,3497486,"Intermittent",15,2,7.4,35,0
"607",27,454314,3496778,"Intermittent",5,1,1.9,25.3,0
"608",27,454314,3496778,"Intermittent",5,2,2.6,20.2,0
"609",27,454314,3496778,"Intermittent",5,3,0,23.7,0
"610",27,454314,3496778,"Intermittent",6,1,0,25.3,0
"611",27,454314,3496778,"Intermittent",6,2,0,21.4,0
"612",27,454314,3496778,"Intermittent",6,3,0,21.4,0
"613",27,454314,3496778,"Intermittent",7,1,1,21.6,0
"614",27,454314,3496778,"Intermittent",7,2,0,19.9,0
"615",27,454314,3496778,"Intermittent",7,3,0,25.3,0
"616",27,454314,3496778,"Intermittent",8,1,0,26.1,0
"617",27,454314,3496778,"Intermittent",8,2,0,25.3,0
"618",27,454314,3496778,"Intermittent",8,3,0,22.6,0
"619",27,454314,3496778,"Intermittent",9,1,2.9,21.2,0
"620",27,454314,3496778,"Intermittent",9,2,0,27,0
"621",27,454314,3496778,"Intermittent",9,3,2.2,17.1,0
"622",27,454314,3496778,"Intermittent",10,1,3,23.5,0
"623",27,454314,3496778,"Intermittent",10,2,0,24.4,0
"624",27,454314,3496778,"Intermittent",10,3,0,29.6,0
"625",27,454314,3496778,"Intermittent",11,1,0,29.6,0
"626",27,454314,3496778,"Intermittent",11,2,1.9,20.8,0
"627",27,454314,3496778,"Intermittent",11,3,0,22.1,0
"628",27,454314,3496778,"Intermittent",12,1,2.6,26.2,0
"629",27,454314,3496778,"Intermittent",12,2,0,25.5,0
"630",27,454314,3496778,"Intermittent",13,1,1.2,23.1,0
"631",27,454314,3496778,"Intermittent",13,2,0,17.9,0
"632",27,454314,3496778,"Intermittent",14,1,3.8,17.8,0
"633",27,454314,3496778,"Intermittent",14,2,2,24.3,0
"634",27,454314,3496778,"Intermittent",15,1,5.9,39.4,0
"635",27,454314,3496778,"Intermittent",15,2,7.4,35,0
"636",28,451309,3491106,"Intermittent",8,1,0,26.1,0
"637",28,451309,3491106,"Intermittent",8,2,0,25.3,0
"638",28,451309,3491106,"Intermittent",8,3,0,22.6,0
"639",28,451309,3491106,"Intermittent",9,1,0,18,0
"640",28,451309,3491106,"Intermittent",9,2,0,19.1,0
"641",28,451309,3491106,"Intermittent",9,3,0,20.9,0
"642",28,451309,3491106,"Intermittent",10,1,0,22.3,0
"643",28,451309,3491106,"Intermittent",10,2,0,24.4,0
"644",28,451309,3491106,"Intermittent",10,3,0,29.6,0
"645",28,451309,3491106,"Intermittent",11,1,4.1,39.3,0
"646",28,451309,3491106,"Intermittent",11,2,1.9,20.8,0
"647",28,451309,3491106,"Intermittent",11,3,0,22.1,0
"648",28,451309,3491106,"Intermittent",12,1,0,24.5,0
"649",28,451309,3491106,"Intermittent",12,2,0,25.5,0
"650",28,451309,3491106,"Intermittent",13,1,0.9,20.6,0
"651",28,451309,3491106,"Intermittent",13,2,1,25.4,0
"652",28,451309,3491106,"Intermittent",14,1,1.1,26.7,0
"653",28,451309,3491106,"Intermittent",14,2,0,27.5,0
"654",28,451309,3491106,"Intermittent",15,1,0.2,20.1,0
"655",28,451309,3491106,"Intermittent",15,2,0.3,27.1,0
"656",29,459310,3510324,"Intermittent",8,1,0,26.1,0
"657",29,459310,3510324,"Intermittent",8,2,0,25.3,0
"658",29,459310,3510324,"Intermittent",8,3,1,22.6,0
"659",29,459310,3510324,"Intermittent",9,1,2.2,22.6,0
"660",29,459310,3510324,"Intermittent",9,2,0,27,0
"661",29,459310,3510324,"Intermittent",9,3,2.2,17.1,0
"662",29,459310,3510324,"Intermittent",10,1,2.6,25.5,0
"663",29,459310,3510324,"Intermittent",10,2,0,24.4,0
"664",29,459310,3510324,"Intermittent",10,3,0,29.6,0
"665",29,459310,3510324,"Intermittent",11,1,0,20.5,0
"666",29,459310,3510324,"Intermittent",11,2,1.9,20.8,0
"667",29,459310,3510324,"Intermittent",11,3,0,22.1,0
"668",29,459310,3510324,"Intermittent",12,1,0,22.2,0
"669",29,459310,3510324,"Intermittent",12,2,0,23.5,0
"670",29,459310,3510324,"Intermittent",13,1,0,24.4,1
"671",29,459310,3510324,"Intermittent",13,2,1,25.4,1
"672",29,459310,3510324,"Intermittent",14,1,2.4,21.2,0
"673",29,459310,3510324,"Intermittent",14,2,2,24.5,0
"674",29,459310,3510324,"Intermittent",15,1,2.4,24.4,0
"675",29,459310,3510324,"Intermittent",15,2,0.3,27.1,0
"676",30,454281,3498456,"Intermittent",5,1,1.9,25.3,0
"677",30,454281,3498456,"Intermittent",5,2,2.6,20.2,1
"678",30,454281,3498456,"Intermittent",5,3,0,23.7,0
"679",30,454281,3498456,"Intermittent",6,1,0,25.3,0
"680",30,454281,3498456,"Intermittent",6,2,0,22,0
"681",30,454281,3498456,"Intermittent",6,3,0,22,0
"682",30,454281,3498456,"Intermittent",7,1,0,20.2,0
"683",30,454281,3498456,"Intermittent",7,2,0,19.9,0
"684",30,454281,3498456,"Intermittent",7,3,0,25.3,0
"685",30,454281,3498456,"Intermittent",8,1,1,18.3,0
"686",30,454281,3498456,"Intermittent",8,2,1.4,26.3,0
"687",30,454281,3498456,"Intermittent",8,3,0.9,21.4,0
"688",30,454281,3498456,"Intermittent",9,1,1.9,19.4,0
"689",30,454281,3498456,"Intermittent",9,2,0,27,0
"690",30,454281,3498456,"Intermittent",9,3,2.2,17.1,0
"691",30,454281,3498456,"Intermittent",10,1,0,25,0
"692",30,454281,3498456,"Intermittent",10,2,0,24.4,0
"693",30,454281,3498456,"Intermittent",10,3,0,29.6,0
"694",30,454281,3498456,"Intermittent",11,1,0,27.2,0
"695",30,454281,3498456,"Intermittent",11,2,1.9,20.8,0
"696",30,454281,3498456,"Intermittent",11,3,0,22.1,0
"697",30,454281,3498456,"Intermittent",12,1,2.8,25.6,0
"698",30,454281,3498456,"Intermittent",12,2,0,25.5,0
"699",30,454281,3498456,"Intermittent",13,1,4.8,19.7,0
"700",30,454281,3498456,"Intermittent",13,2,0,17.9,0
"701",30,454281,3498456,"Intermittent",14,1,0.8,15.7,0
"702",30,454281,3498456,"Intermittent",14,2,2,24.3,0
"703",30,454281,3498456,"Intermittent",15,1,17.3,35,0
"704",30,454281,3498456,"Intermittent",15,2,7.4,35,0
"705",31,452978,3494722,"Intermittent",5,1,0,20.6,0
"706",31,452978,3494722,"Intermittent",5,2,0,20.8,0
"707",31,452978,3494722,"Intermittent",5,3,0,23.7,0
"708",31,452978,3494722,"Intermittent",6,1,2.1,26.5,0
"709",31,452978,3494722,"Intermittent",6,2,0,21.4,0
"710",31,452978,3494722,"Intermittent",6,3,0,21.4,0
"711",31,452978,3494722,"Intermittent",7,1,1,14.8,0
"712",31,452978,3494722,"Intermittent",7,2,0,19.9,0
"713",31,452978,3494722,"Intermittent",7,3,0,25.3,0
"714",32,454961,3497354,"Intermittent",5,1,1.9,25.3,0
"715",32,454961,3497354,"Intermittent",5,2,2.6,20.2,0
"716",32,454961,3497354,"Intermittent",5,3,0,23.7,0
"717",32,454961,3497354,"Intermittent",6,1,1,25,0
"718",32,454961,3497354,"Intermittent",6,2,0,21.4,0
"719",32,454961,3497354,"Intermittent",6,3,0,21.4,0
"720",32,454961,3497354,"Intermittent",7,1,1.2,22.2,0
"721",32,454961,3497354,"Intermittent",7,2,0,19.9,0
"722",32,454961,3497354,"Intermittent",7,3,0,25.3,0
"723",32,454961,3497354,"Intermittent",8,1,0,26.1,0
"724",32,454961,3497354,"Intermittent",8,2,0,25.3,0
"725",32,454961,3497354,"Intermittent",8,3,0,22.6,0
"726",32,454961,3497354,"Intermittent",9,1,1.3,22.7,0
"727",32,454961,3497354,"Intermittent",9,2,0,27,0
"728",32,454961,3497354,"Intermittent",9,3,2.2,17.1,0
"729",32,454961,3497354,"Intermittent",10,1,2.6,25,0
"730",32,454961,3497354,"Intermittent",10,2,0,24.4,0
"731",32,454961,3497354,"Intermittent",10,3,0,29.6,0
"732",32,454961,3497354,"Intermittent",11,1,0,27.2,0
"733",32,454961,3497354,"Intermittent",11,2,1.9,20.8,0
"734",32,454961,3497354,"Intermittent",11,3,0,22.1,0
"735",32,454961,3497354,"Intermittent",12,1,0,26.2,0
"736",32,454961,3497354,"Intermittent",12,2,0,25.5,0
"737",32,454961,3497354,"Intermittent",13,1,0,20,0
"738",32,454961,3497354,"Intermittent",13,2,0,17.9,0
"739",32,454961,3497354,"Intermittent",14,1,0,16.8,0
"740",32,454961,3497354,"Intermittent",14,2,2,24.3,0
"741",32,454961,3497354,"Intermittent",15,1,10.9,37.5,0
"742",32,454961,3497354,"Intermittent",15,2,7.4,35,0
"743",33,456807,3495106,"Permanent",5,1,0,20.5,1
"744",33,456807,3495106,"Permanent",5,2,0,20.1,1
"745",33,456807,3495106,"Permanent",5,3,0,24.2,1
"746",33,456807,3495106,"Permanent",6,1,0,24.5,1
"747",33,456807,3495106,"Permanent",6,2,0,20,1
"748",33,456807,3495106,"Permanent",6,3,0,20,1
"749",33,456807,3495106,"Permanent",7,1,0,19.8,1
"750",33,456807,3495106,"Permanent",7,2,0,19.9,1
"751",33,456807,3495106,"Permanent",7,3,0,24.2,1
"752",33,456807,3495106,"Permanent",8,1,0,19.1,1
"753",33,456807,3495106,"Permanent",8,2,0,26.4,1
"754",33,456807,3495106,"Permanent",8,3,1.8,21.7,1
"755",33,456807,3495106,"Permanent",9,1,0.9,22,1
"756",33,456807,3495106,"Permanent",9,2,0,22.1,1
"757",33,456807,3495106,"Permanent",9,3,2.5,27.9,1
"758",33,456807,3495106,"Permanent",10,1,0,24.1,1
"759",33,456807,3495106,"Permanent",10,2,0,24.4,1
"760",33,456807,3495106,"Permanent",10,3,0,22.6,1
"761",33,456807,3495106,"Permanent",11,1,2.2,26.1,1
"762",33,456807,3495106,"Permanent",11,2,2.6,21.2,1
"763",33,456807,3495106,"Permanent",11,3,0,20.8,1
"764",33,456807,3495106,"Permanent",12,1,2.9,24.2,1
"765",33,456807,3495106,"Permanent",12,2,5.5,25.5,1
"766",33,456807,3495106,"Permanent",13,1,0,29,1
"767",33,456807,3495106,"Permanent",13,2,0,20.9,1
"768",33,456807,3495106,"Permanent",14,1,0,18.7,1
"769",33,456807,3495106,"Permanent",14,2,0,23.3,1
"770",33,456807,3495106,"Permanent",15,1,4.4,34.8,0
"771",33,456807,3495106,"Permanent",15,2,7.4,35,0
"772",34,455963,3502433,"Semi-permanent",8,1,0,26.1,0
"773",34,455963,3502433,"Semi-permanent",8,2,0,25.3,0
"774",34,455963,3502433,"Semi-permanent",8,3,1,22.6,0
"775",34,455963,3502433,"Semi-permanent",9,1,0,19.9,0
"776",34,455963,3502433,"Semi-permanent",9,2,0,26.3,0
"777",34,455963,3502433,"Semi-permanent",9,3,2.2,17.1,0
"778",34,455963,3502433,"Semi-permanent",10,1,0,27.3,0
"779",34,455963,3502433,"Semi-permanent",10,2,1.9,25.6,0
"780",34,455963,3502433,"Semi-permanent",10,3,2.2,26.9,0
"781",34,455963,3502433,"Semi-permanent",11,1,0,21.7,1
"782",34,455963,3502433,"Semi-permanent",11,2,0,25.3,1
"783",34,455963,3502433,"Semi-permanent",11,3,0,21.4,0
"784",34,455963,3502433,"Semi-permanent",12,1,4.5,24.4,0
"785",34,455963,3502433,"Semi-permanent",12,2,0,21.9,0
"786",34,455963,3502433,"Semi-permanent",13,1,1.2,20.9,1
"787",34,455963,3502433,"Semi-permanent",13,2,0,26.4,1
"788",34,455963,3502433,"Semi-permanent",14,1,0,19.6,1
"789",34,455963,3502433,"Semi-permanent",14,2,3.5,27.1,1
"790",34,455963,3502433,"Semi-permanent",15,1,0.8,25.7,0
"791",34,455963,3502433,"Semi-permanent",15,2,1.9,27.3,0
"792",35,454623,3499676,"Intermittent",5,1,1.6,26.2,0
"793",35,454623,3499676,"Intermittent",5,2,2.6,20.2,0
"794",35,454623,3499676,"Intermittent",5,3,0,23.7,0
"795",35,454623,3499676,"Intermittent",6,1,1,25.9,0
"796",35,454623,3499676,"Intermittent",6,2,0,21.4,0
"797",35,454623,3499676,"Intermittent",6,3,0,21.4,0
"798",35,454623,3499676,"Intermittent",7,1,0,20.2,0
"799",35,454623,3499676,"Intermittent",7,2,0,19.9,0
"800",35,454623,3499676,"Intermittent",7,3,0,25.3,0
"801",35,454623,3499676,"Intermittent",8,1,0,26.1,0
"802",35,454623,3499676,"Intermittent",8,2,0,25.3,0
"803",35,454623,3499676,"Intermittent",8,3,0,22.6,0
"804",35,454623,3499676,"Intermittent",9,1,0,20.2,0
"805",35,454623,3499676,"Intermittent",9,2,0,27,0
"806",35,454623,3499676,"Intermittent",9,3,2.2,17.1,0
"807",35,454623,3499676,"Intermittent",10,1,1.2,27.8,0
"808",35,454623,3499676,"Intermittent",10,2,0,24.4,0
"809",35,454623,3499676,"Intermittent",10,3,0,29.6,0
"810",35,454623,3499676,"Intermittent",11,1,1.8,16.8,0
"811",35,454623,3499676,"Intermittent",11,2,1.9,20.8,0
"812",35,454623,3499676,"Intermittent",11,3,0,22.1,0
"813",35,454623,3499676,"Intermittent",12,1,3.8,24,0
"814",35,454623,3499676,"Intermittent",12,2,0,25.5,0
"815",35,454623,3499676,"Intermittent",13,1,0,20.8,0
"816",35,454623,3499676,"Intermittent",13,2,0,17.9,0
"817",35,454623,3499676,"Intermittent",14,1,0.1,19,0
"818",35,454623,3499676,"Intermittent",14,2,2,24.3,0
"819",35,454623,3499676,"Intermittent",15,1,1.7,23.1,0
"820",35,454623,3499676,"Intermittent",15,2,0.3,27.1,0
"821",36,463622,3509450,"Intermittent",8,1,0,26.1,0
"822",36,463622,3509450,"Intermittent",8,2,0,25.3,0
"823",36,463622,3509450,"Intermittent",8,3,1,22.6,0
"824",36,463622,3509450,"Intermittent",9,1,0,17.6,0
"825",36,463622,3509450,"Intermittent",9,2,0,27,0
"826",36,463622,3509450,"Intermittent",9,3,2.2,17.1,0
"827",36,463622,3509450,"Intermittent",10,1,0,26.9,0
"828",36,463622,3509450,"Intermittent",10,2,0,24.4,0
"829",36,463622,3509450,"Intermittent",10,3,0,29.6,0
"830",36,463622,3509450,"Intermittent",11,1,1,23.8,0
"831",36,463622,3509450,"Intermittent",11,2,1.9,20.8,0
"832",36,463622,3509450,"Intermittent",11,3,0,22.1,0
"833",36,463622,3509450,"Intermittent",12,1,0,21,0
"834",36,463622,3509450,"Intermittent",12,2,0,25.5,0
"835",36,463622,3509450,"Intermittent",13,1,0.9,25.1,0
"836",36,463622,3509450,"Intermittent",13,2,0,27.3,0
"837",36,463622,3509450,"Intermittent",14,1,1.4,21.9,0
"838",36,463622,3509450,"Intermittent",14,2,2,24.5,0
"839",36,463622,3509450,"Intermittent",15,1,0.6,24.8,0
"840",36,463622,3509450,"Intermittent",15,2,0.3,27.1,0
"841",37,455399,3493493,"Semi-permanent",5,1,0,15.7,1
"842",37,455399,3493493,"Semi-permanent",5,2,0,20.2,1
"843",37,455399,3493493,"Semi-permanent",5,3,0,23.5,1
"844",37,455399,3493493,"Semi-permanent",6,1,1,26,1
"845",37,455399,3493493,"Semi-permanent",6,2,0,18.1,1
"846",37,455399,3493493,"Semi-permanent",6,3,0,18.1,1
"847",37,455399,3493493,"Semi-permanent",7,1,0,17,1
"848",37,455399,3493493,"Semi-permanent",7,2,1.8,19.9,1
"849",37,455399,3493493,"Semi-permanent",7,3,0,24.4,1
"850",37,455399,3493493,"Semi-permanent",8,1,0,17.3,1
"851",37,455399,3493493,"Semi-permanent",8,2,0,22.9,1
"852",37,455399,3493493,"Semi-permanent",8,3,1.2,20.5,0
"853",37,455399,3493493,"Semi-permanent",9,1,0,21,1
"854",37,455399,3493493,"Semi-permanent",9,2,0,20.1,1
"855",37,455399,3493493,"Semi-permanent",9,3,0,22.4,0
"856",37,455399,3493493,"Semi-permanent",10,1,0,21.1,0
"857",37,455399,3493493,"Semi-permanent",10,2,0,24.4,0
"858",37,455399,3493493,"Semi-permanent",10,3,0,29.6,0
"859",37,455399,3493493,"Semi-permanent",11,1,2.6,27.2,1
"860",37,455399,3493493,"Semi-permanent",11,2,0,23.4,1
"861",37,455399,3493493,"Semi-permanent",11,3,3.3,21.8,1
"862",37,455399,3493493,"Semi-permanent",12,1,0,22.2,0
"863",37,455399,3493493,"Semi-permanent",12,2,0,25.5,0
"864",37,455399,3493493,"Semi-permanent",13,1,0.9,19.8,1
"865",37,455399,3493493,"Semi-permanent",13,2,0,17.9,1
"866",37,455399,3493493,"Semi-permanent",14,1,3,19.5,1
"867",37,455399,3493493,"Semi-permanent",14,2,0,20.8,1
"868",37,455399,3493493,"Semi-permanent",15,1,4.5,37.5,0
"869",37,455399,3493493,"Semi-permanent",15,2,7.4,35,0
"870",38,458367,3493136,"Intermittent",5,1,0,16.7,0
"871",38,458367,3493136,"Intermittent",5,2,0,20.1,0
"872",38,458367,3493136,"Intermittent",5,3,0,24.2,0
"873",38,458367,3493136,"Intermittent",6,1,0,21.9,1
"874",38,458367,3493136,"Intermittent",6,2,0,21.8,0
"875",38,458367,3493136,"Intermittent",6,3,0,21.8,0
"876",38,458367,3493136,"Intermittent",7,1,1.5,20.1,0
"877",38,458367,3493136,"Intermittent",7,2,0,19.9,0
"878",38,458367,3493136,"Intermittent",7,3,0,25.3,0
"879",38,458367,3493136,"Intermittent",8,1,0,26.1,0
"880",38,458367,3493136,"Intermittent",8,2,0,25.3,0
"881",38,458367,3493136,"Intermittent",8,3,0.9,22.6,0
"882",38,458367,3493136,"Intermittent",9,1,0,24.8,0
"883",38,458367,3493136,"Intermittent",9,2,0,27,0
"884",38,458367,3493136,"Intermittent",9,3,2.2,17.1,0
"885",38,458367,3493136,"Intermittent",10,1,0,23.3,0
"886",38,458367,3493136,"Intermittent",10,2,0,24.4,0
"887",38,458367,3493136,"Intermittent",10,3,0,29.6,0
"888",38,458367,3493136,"Intermittent",11,1,1.5,25.5,0
"889",38,458367,3493136,"Intermittent",11,2,1.9,20.8,0
"890",38,458367,3493136,"Intermittent",11,3,0,22.1,0
"891",38,458367,3493136,"Intermittent",12,1,5.5,32.1,0
"892",38,458367,3493136,"Intermittent",12,2,0,25.5,0
"893",38,458367,3493136,"Intermittent",13,1,0,21.1,0
"894",38,458367,3493136,"Intermittent",13,2,0,21.1,0
"895",38,458367,3493136,"Intermittent",14,1,0,21.6,0
"896",38,458367,3493136,"Intermittent",14,2,0,23.3,0
"897",38,458367,3493136,"Intermittent",15,1,1.3,41.2,0
"898",38,458367,3493136,"Intermittent",15,2,7.4,35,0
"899",39,448991,3497222,"Intermittent",5,1,2.3,26.4,0
"900",39,448991,3497222,"Intermittent",5,2,0,20.8,0
"901",39,448991,3497222,"Intermittent",5,3,0,22.8,0
"902",39,448991,3497222,"Intermittent",6,1,0,23.1,0
"903",39,448991,3497222,"Intermittent",6,2,0,21.4,0
"904",39,448991,3497222,"Intermittent",6,3,0,21.4,0
"905",39,448991,3497222,"Intermittent",7,1,0,14.8,0
"906",39,448991,3497222,"Intermittent",7,2,0,19.9,0
"907",39,448991,3497222,"Intermittent",7,3,0,25.3,0
"908",39,448991,3497222,"Intermittent",8,1,0,26.1,0
"909",39,448991,3497222,"Intermittent",8,2,0,25.3,0
"910",39,448991,3497222,"Intermittent",8,3,0,22.6,0
"911",39,448991,3497222,"Intermittent",9,1,0,18,0
"912",39,448991,3497222,"Intermittent",9,2,0,27,0
"913",39,448991,3497222,"Intermittent",9,3,2.2,17.1,0
"914",39,448991,3497222,"Intermittent",10,1,1.1,24.9,0
"915",39,448991,3497222,"Intermittent",10,2,0,24.4,0
"916",39,448991,3497222,"Intermittent",10,3,0,29.6,0
"917",39,448991,3497222,"Intermittent",11,1,3,37.8,0
"918",39,448991,3497222,"Intermittent",11,2,1.9,20.8,0
"919",39,448991,3497222,"Intermittent",11,3,0,22.1,0
"920",39,448991,3497222,"Intermittent",12,1,0,17.3,0
"921",39,448991,3497222,"Intermittent",12,2,0,25.5,0
"922",39,448991,3497222,"Intermittent",13,1,0,21.8,0
"923",39,448991,3497222,"Intermittent",13,2,1.6,35.5,0
"924",39,448991,3497222,"Intermittent",14,1,0.7,28.3,0
"925",39,448991,3497222,"Intermittent",14,2,2.8,27.5,0
"926",39,448991,3497222,"Intermittent",15,1,0,21.4,0
"927",39,448991,3497222,"Intermittent",15,2,7.4,35,0
"928",40,452198,3494259,"Permanent",5,1,0,20.6,1
"929",40,452198,3494259,"Permanent",5,2,0,20.8,1
"930",40,452198,3494259,"Permanent",5,3,0,19.6,1
"931",40,452198,3494259,"Permanent",6,1,1.5,20.4,1
"932",40,452198,3494259,"Permanent",6,2,0,23.2,1
"933",40,452198,3494259,"Permanent",6,3,0,23.2,1
"934",40,452198,3494259,"Permanent",7,1,1.4,14.7,1
"935",40,452198,3494259,"Permanent",7,2,0,15,1
"936",40,452198,3494259,"Permanent",7,3,2.3,26.6,1
"937",40,452198,3494259,"Permanent",8,1,0,21.8,0
"938",40,452198,3494259,"Permanent",8,2,0,24.9,0
"939",40,452198,3494259,"Permanent",8,3,0,25.8,1
"940",40,452198,3494259,"Permanent",9,1,0,14.8,1
"941",40,452198,3494259,"Permanent",9,2,1.8,16.1,1
"942",40,452198,3494259,"Permanent",9,3,0,23.4,1
"943",40,452198,3494259,"Permanent",10,1,0,18.6,1
"944",40,452198,3494259,"Permanent",10,2,0,21.4,1
"945",40,452198,3494259,"Permanent",10,3,2,28.6,1
"946",40,452198,3494259,"Permanent",11,1,1,17.3,1
"947",40,452198,3494259,"Permanent",11,2,1.9,20.8,1
"948",40,452198,3494259,"Permanent",11,3,0,22.1,1
"949",40,452198,3494259,"Permanent",12,1,3.3,19.9,1
"950",40,452198,3494259,"Permanent",12,2,3.9,20.4,1
"951",40,452198,3494259,"Permanent",13,1,0,16.9,1
"952",40,452198,3494259,"Permanent",13,2,1.6,19,1
"953",40,452198,3494259,"Permanent",14,1,2.4,26.7,1
"954",40,452198,3494259,"Permanent",14,2,6.2,27.9,1
"955",40,452198,3494259,"Permanent",15,1,3.2,19.2,1
"956",40,452198,3494259,"Permanent",15,2,1.7,27.2,1
"957",41,453114,3513510,"Intermittent",8,1,0,26.1,0
"958",41,453114,3513510,"Intermittent",8,2,0,25.3,0
"959",41,453114,3513510,"Intermittent",8,3,1.4,22.6,0
"960",41,453114,3513510,"Intermittent",9,1,2.8,27.1,0
"961",41,453114,3513510,"Intermittent",9,2,0,27,0
"962",41,453114,3513510,"Intermittent",9,3,2.2,17.1,0
"963",41,453114,3513510,"Intermittent",10,1,0,29.2,0
"964",41,453114,3513510,"Intermittent",10,2,0,24.4,0
"965",41,453114,3513510,"Intermittent",10,3,0,29.6,0
"966",41,453114,3513510,"Intermittent",11,1,8.7,30.6,0
"967",41,453114,3513510,"Intermittent",11,2,1.9,20.8,0
"968",41,453114,3513510,"Intermittent",11,3,0,22.1,0
"969",41,453114,3513510,"Intermittent",12,1,1.2,26.3,0
"970",41,453114,3513510,"Intermittent",12,2,0,25.5,0
"971",41,453114,3513510,"Intermittent",13,1,0,27.7,0
"972",41,453114,3513510,"Intermittent",13,2,1.6,19,0
"973",41,453114,3513510,"Intermittent",14,1,2.8,27.5,0
"974",41,453114,3513510,"Intermittent",14,2,0,24.9,0
"975",41,453114,3513510,"Intermittent",15,1,0.3,27.1,0
"976",41,453114,3513510,"Intermittent",15,2,1.9,27.3,0
"977",42,444563,3502029,"Permanent",12,1,6.5,22.9,0
"978",42,444563,3502029,"Permanent",12,2,0,27.7,0
"979",42,444563,3502029,"Permanent",13,1,2.8,27.4,0
"980",42,444563,3502029,"Permanent",13,2,1.1,26.8,0
"981",42,444563,3502029,"Permanent",14,1,0,21.9,0
"982",42,444563,3502029,"Permanent",14,2,2.6,24.6,0
"983",42,444563,3502029,"Permanent",15,1,2.7,24.2,0
"984",42,444563,3502029,"Permanent",15,2,6.9,21.4,0
"985",43,446545,3503509,"Permanent",12,1,0,21.6,0
"986",43,446545,3503509,"Permanent",12,2,0,27.7,0
"987",43,446545,3503509,"Permanent",13,1,0,27.4,0
"988",43,446545,3503509,"Permanent",13,2,1.3,28.7,0
"989",43,446545,3503509,"Permanent",14,1,0,24.8,0
"990",43,446545,3503509,"Permanent",14,2,0,26.8,0
"991",43,446545,3503509,"Permanent",15,1,0,21,0
"992",43,446545,3503509,"Permanent",15,2,2.3,21.6,0
"993",44,449374,3498677,"Permanent",12,1,5.5,23.5,1
"994",44,449374,3498677,"Permanent",12,2,4.5,28.1,1
"995",44,449374,3498677,"Permanent",13,1,1.1,29.4,1
"996",44,449374,3498677,"Permanent",13,2,6.7,30.1,1
"997",44,449374,3498677,"Permanent",14,1,0.6,22.6,1
"998",44,449374,3498677,"Permanent",14,2,1.3,24.9,1
"999",44,449374,3498677,"Permanent",15,1,3.8,20.3,1
"1000",44,449374,3498677,"Permanent",15,2,3,25.2,1
"1001",45,446372,3498321,"Permanent",12,1,1.5,23.9,0
"1002",45,446372,3498321,"Permanent",12,2,3.5,26.5,1
"1003",45,446372,3498321,"Permanent",13,1,0,28.4,1
"1004",45,446372,3498321,"Permanent",13,2,1.3,24.2,1
"1005",45,446372,3498321,"Permanent",14,1,1.8,22,1
"1006",45,446372,3498321,"Permanent",14,2,1.8,24.6,1
"1007",45,446372,3498321,"Permanent",15,1,2.5,23,1
"1008",45,446372,3498321,"Permanent",15,2,2.5,22.4,1
"1009",46,446301,3500129,"Permanent",12,1,4.9,22.8,0
"1010",46,446301,3500129,"Permanent",12,2,5.5,28.3,0
"1011",46,446301,3500129,"Permanent",13,1,3.9,28.7,1
"1012",46,446301,3500129,"Permanent",13,2,1.3,28.6,1
"1013",46,446301,3500129,"Permanent",14,1,0,22.8,1
"1014",46,446301,3500129,"Permanent",14,2,3.4,24.6,1
"1015",46,446301,3500129,"Permanent",15,1,4.9,22.2,1
"1016",46,446301,3500129,"Permanent",15,2,6.4,21.4,1
"1017",47,447904,3500289,"Permanent",12,1,5.5,22.4,1
"1018",47,447904,3500289,"Permanent",12,2,4,28.2,0
"1019",47,447904,3500289,"Permanent",13,1,4.6,29.9,1
"1020",47,447904,3500289,"Permanent",13,2,1,29.5,1
"1021",47,447904,3500289,"Permanent",14,1,1.8,22.5,1
"1022",47,447904,3500289,"Permanent",14,2,3.9,25.5,1
"1023",47,447904,3500289,"Permanent",15,1,0.3,23.3,1
"1024",47,447904,3500289,"Permanent",15,2,1.3,29.6,1
